--
-- PostgreSQL database dump
--

-- Dumped from database version 16.4
-- Dumped by pg_dump version 16.4

SET statement_timeout = 0;
SET lock_timeout = 0;
SET idle_in_transaction_session_timeout = 0;
SET client_encoding = 'UTF8';
SET standard_conforming_strings = on;
SELECT pg_catalog.set_config('search_path', '', false);
SET check_function_bodies = false;
SET xmloption = content;
SET client_min_messages = warning;
SET row_security = off;

SET default_tablespace = '';

SET default_table_access_method = heap;

--
-- Name: chatmessages; Type: TABLE; Schema: public; Owner: postgres
--

CREATE TABLE public.chatmessages (
    id integer NOT NULL,
    channelid character varying(100) NOT NULL,
    username character varying(100) NOT NULL,
    message text,
    photourl character varying(255),
    "timestamp" timestamp without time zone NOT NULL,
    message_encrypted text,
    is_deleted boolean DEFAULT false NOT NULL
);


ALTER TABLE public.chatmessages OWNER TO postgres;

--
-- Name: chatmessages_id_seq; Type: SEQUENCE; Schema: public; Owner: postgres
--

CREATE SEQUENCE public.chatmessages_id_seq
    AS integer
    START WITH 1
    INCREMENT BY 1
    NO MINVALUE
    NO MAXVALUE
    CACHE 1;


ALTER SEQUENCE public.chatmessages_id_seq OWNER TO postgres;

--
-- Name: chatmessages_id_seq; Type: SEQUENCE OWNED BY; Schema: public; Owner: postgres
--

ALTER SEQUENCE public.chatmessages_id_seq OWNED BY public.chatmessages.id;


--
-- Name: friendships; Type: TABLE; Schema: public; Owner: postgres
--

CREATE TABLE public.friendships (
    id integer NOT NULL,
    user_low_id integer NOT NULL,
    user_high_id integer NOT NULL,
    created_at timestamp with time zone NOT NULL
);


ALTER TABLE public.friendships OWNER TO postgres;

--
-- Name: friendships_id_seq; Type: SEQUENCE; Schema: public; Owner: postgres
--

ALTER TABLE public.friendships ALTER COLUMN id ADD GENERATED BY DEFAULT AS IDENTITY (
    SEQUENCE NAME public.friendships_id_seq
    START WITH 1
    INCREMENT BY 1
    NO MINVALUE
    NO MAXVALUE
    CACHE 1
);


--
-- Name: refresh_tokens; Type: TABLE; Schema: public; Owner: postgres
--

CREATE TABLE public.refresh_tokens (
    id integer NOT NULL,
    user_id integer NOT NULL,
    token_hash text NOT NULL,
    created_at timestamp with time zone NOT NULL,
    expires_at timestamp with time zone NOT NULL,
    revoked_at timestamp with time zone,
    replaced_by_token_hash text
);


ALTER TABLE public.refresh_tokens OWNER TO postgres;

--
-- Name: refresh_tokens_id_seq; Type: SEQUENCE; Schema: public; Owner: postgres
--

ALTER TABLE public.refresh_tokens ALTER COLUMN id ADD GENERATED BY DEFAULT AS IDENTITY (
    SEQUENCE NAME public.refresh_tokens_id_seq
    START WITH 1
    INCREMENT BY 1
    NO MINVALUE
    NO MAXVALUE
    CACHE 1
);


--
-- Name: server_invites; Type: TABLE; Schema: public; Owner: postgres
--

CREATE TABLE public.server_invites (
    id integer NOT NULL,
    code character varying(16) NOT NULL,
    owner_user_id text NOT NULL,
    created_at timestamp with time zone NOT NULL,
    expires_at timestamp with time zone NOT NULL,
    snapshot_json text NOT NULL,
    redeemed_user_ids_json text DEFAULT '[]'::text NOT NULL
);


ALTER TABLE public.server_invites OWNER TO postgres;

--
-- Name: server_invites_id_seq; Type: SEQUENCE; Schema: public; Owner: postgres
--

ALTER TABLE public.server_invites ALTER COLUMN id ADD GENERATED BY DEFAULT AS IDENTITY (
    SEQUENCE NAME public.server_invites_id_seq
    START WITH 1
    INCREMENT BY 1
    NO MINVALUE
    NO MAXVALUE
    CACHE 1
);


--
-- Name: shared_server_snapshots; Type: TABLE; Schema: public; Owner: postgres
--

CREATE TABLE public.shared_server_snapshots (
    id integer NOT NULL,
    server_id character varying(160) NOT NULL,
    owner_user_id text NOT NULL,
    snapshot_json text NOT NULL,
    created_at timestamp with time zone NOT NULL,
    updated_at timestamp with time zone NOT NULL
);


ALTER TABLE public.shared_server_snapshots OWNER TO postgres;

--
-- Name: shared_server_snapshots_id_seq; Type: SEQUENCE; Schema: public; Owner: postgres
--

ALTER TABLE public.shared_server_snapshots ALTER COLUMN id ADD GENERATED BY DEFAULT AS IDENTITY (
    SEQUENCE NAME public.shared_server_snapshots_id_seq
    START WITH 1
    INCREMENT BY 1
    NO MINVALUE
    NO MAXVALUE
    CACHE 1
);


--
-- Name: users; Type: TABLE; Schema: public; Owner: postgres
--

CREATE TABLE public.users (
    id integer NOT NULL,
    first_name text NOT NULL,
    last_name text NOT NULL,
    email text NOT NULL,
    password_hash text NOT NULL,
    img character varying(255) DEFAULT 'default-avatar.png'::character varying
);


ALTER TABLE public.users OWNER TO postgres;

--
-- Name: users_id_seq; Type: SEQUENCE; Schema: public; Owner: postgres
--

CREATE SEQUENCE public.users_id_seq
    AS integer
    START WITH 1
    INCREMENT BY 1
    NO MINVALUE
    NO MAXVALUE
    CACHE 1;


ALTER SEQUENCE public.users_id_seq OWNER TO postgres;

--
-- Name: users_id_seq; Type: SEQUENCE OWNED BY; Schema: public; Owner: postgres
--

ALTER SEQUENCE public.users_id_seq OWNED BY public.users.id;


--
-- Name: chatmessages id; Type: DEFAULT; Schema: public; Owner: postgres
--

ALTER TABLE ONLY public.chatmessages ALTER COLUMN id SET DEFAULT nextval('public.chatmessages_id_seq'::regclass);


--
-- Name: users id; Type: DEFAULT; Schema: public; Owner: postgres
--

ALTER TABLE ONLY public.users ALTER COLUMN id SET DEFAULT nextval('public.users_id_seq'::regclass);


--
-- Data for Name: chatmessages; Type: TABLE DATA; Schema: public; Owner: postgres
--

INSERT INTO public.chatmessages (id, channelid, username, message, photourl, "timestamp", message_encrypted, is_deleted) VALUES (1, '1', 'awd', 'aevaevvea', NULL, '2025-11-23 13:35:53.991785', NULL, false);
INSERT INTO public.chatmessages (id, channelid, username, message, photourl, "timestamp", message_encrypted, is_deleted) VALUES (2, '1', 'awd', 'aeveavave', NULL, '2025-11-23 13:36:02.885325', NULL, false);
INSERT INTO public.chatmessages (id, channelid, username, message, photourl, "timestamp", message_encrypted, is_deleted) VALUES (15, '3', 'awd', 'aww', NULL, '2025-11-23 13:50:59.648379', NULL, false);
INSERT INTO public.chatmessages (id, channelid, username, message, photourl, "timestamp", message_encrypted, is_deleted) VALUES (18, '2', 'awd', 'efe', NULL, '2025-11-23 13:54:16.483694', NULL, false);
INSERT INTO public.chatmessages (id, channelid, username, message, photourl, "timestamp", message_encrypted, is_deleted) VALUES (24, '4', 'awd', 'awdawd', NULL, '2025-11-23 14:28:20.706188', NULL, false);
INSERT INTO public.chatmessages (id, channelid, username, message, photourl, "timestamp", message_encrypted, is_deleted) VALUES (35, '4', 'awd', 'ae', NULL, '2025-11-23 15:38:19.716419', NULL, false);
INSERT INTO public.chatmessages (id, channelid, username, message, photourl, "timestamp", message_encrypted, is_deleted) VALUES (49, '1', 'awd', 'dw', NULL, '2025-12-13 11:32:42.503552', '4SNhaLGBSviD0zU6bst8KzNe9ja1jqNksPADm74SR/k=', true);
INSERT INTO public.chatmessages (id, channelid, username, message, photourl, "timestamp", message_encrypted, is_deleted) VALUES (48, '1', 'awd', 'fesfs', NULL, '2025-12-13 11:23:50.311526', 'T98bC2suSsSVKh+Gvtgmc7DBAmkPuYhr+xDq/zfMjGc=', true);
INSERT INTO public.chatmessages (id, channelid, username, message, photourl, "timestamp", message_encrypted, is_deleted) VALUES (17, '1', 'awd', 'vvxxx', NULL, '2025-11-23 13:54:11.519626', NULL, true);
INSERT INTO public.chatmessages (id, channelid, username, message, photourl, "timestamp", message_encrypted, is_deleted) VALUES (42, '1', 'awd', '<script>alert("XSS")</script>', NULL, '2025-11-29 11:08:00.01266', NULL, true);
INSERT INTO public.chatmessages (id, channelid, username, message, photourl, "timestamp", message_encrypted, is_deleted) VALUES (40, '1', 'awd', ''' ; DELETE FROM messages WHERE id = 999999 ; --', NULL, '2025-11-29 11:03:46.142567', NULL, true);
INSERT INTO public.chatmessages (id, channelid, username, message, photourl, "timestamp", message_encrypted, is_deleted) VALUES (38, '1', 'awd', 'segseg', NULL, '2025-11-23 15:48:22.625932', NULL, true);
INSERT INTO public.chatmessages (id, channelid, username, message, photourl, "timestamp", message_encrypted, is_deleted) VALUES (37, '1', 'awd', 'fe', NULL, '2025-11-23 15:47:22.620396', NULL, true);
INSERT INTO public.chatmessages (id, channelid, username, message, photourl, "timestamp", message_encrypted, is_deleted) VALUES (36, '1', 'awd', 'aef', NULL, '2025-11-23 15:42:06.581708', NULL, true);
INSERT INTO public.chatmessages (id, channelid, username, message, photourl, "timestamp", message_encrypted, is_deleted) VALUES (34, '1', 'awd', 'eaea', NULL, '2025-11-23 15:38:13.606185', NULL, true);
INSERT INTO public.chatmessages (id, channelid, username, message, photourl, "timestamp", message_encrypted, is_deleted) VALUES (16, '1', 'awd', 'seee', NULL, '2025-11-23 13:54:07.233436', NULL, true);
INSERT INTO public.chatmessages (id, channelid, username, message, photourl, "timestamp", message_encrypted, is_deleted) VALUES (59, '1', 'awdawdwad', 'gteget', NULL, '2026-03-20 14:04:15.726681', '2eGeps3kkSpVyIYYZt3s/eKEqSYaCILBIbYqe1yiNxg=', true);
INSERT INTO public.chatmessages (id, channelid, username, message, photourl, "timestamp", message_encrypted, is_deleted) VALUES (61, '1', 'awdawd', ' xx', NULL, '2026-03-20 14:11:15.979179', 'eYinsWNjdoF/RdCVCxpM6U+bZYx+2EkQg52rgyn+r7M=', false);
INSERT INTO public.chatmessages (id, channelid, username, message, photourl, "timestamp", message_encrypted, is_deleted) VALUES (62, '1', 'awdawd', 'XX', NULL, '2026-03-20 14:11:18.684554', 'hxeyd0h+w7Mu2h//oCyytsG5eZut+ewRD+0YB4oI2Ek=', false);
INSERT INTO public.chatmessages (id, channelid, username, message, photourl, "timestamp", message_encrypted, is_deleted) VALUES (60, '1', 'awdawdwad', 'etgfgt', NULL, '2026-03-20 14:04:33.734748', 't+JDLKYzyHfjAaCk4YN03k1iXYLWbSBJEdc9t7ZqnLE=', true);
INSERT INTO public.chatmessages (id, channelid, username, message, photourl, "timestamp", message_encrypted, is_deleted) VALUES (63, '1', 'awdawdwad', 'daw', '/image/avatar.jpg', '2026-03-23 16:34:37.346741', '+Z/hObnT8ewY+C4rC7VKEP0uxfm0bsWQKE/YwtBxDqU=', true);
INSERT INTO public.chatmessages (id, channelid, username, message, photourl, "timestamp", message_encrypted, is_deleted) VALUES (64, '4', 'awdawdwad', 'вмывммы', '/image/avatar.jpg', '2026-03-23 16:44:35.605723', 'BHF4oRJJlii3in/VigabUYsPEPA12kVcpcZu3d3QQ2c=', false);
INSERT INTO public.chatmessages (id, channelid, username, message, photourl, "timestamp", message_encrypted, is_deleted) VALUES (65, '1', 'фцвфцв', 'ыпыуп', '/avatars/user-63-1774274133151.jfif', '2026-03-23 17:03:59.250671', 'J6cYSeIce8KXAvG/Eb8TfG4xmzPTA0DRwWgVLAfHBYg=', true);
INSERT INTO public.chatmessages (id, channelid, username, message, photourl, "timestamp", message_encrypted, is_deleted) VALUES (66, '1', 'фцвфцв', 'ууп', '/avatars/user-63-1774274133151.jfif', '2026-03-23 17:04:33.10873', 'K89jkF60l4V1VeW5WkLi6MHAD/oI9cOta6nKNOl3bzg=', true);
INSERT INTO public.chatmessages (id, channelid, username, message, photourl, "timestamp", message_encrypted, is_deleted) VALUES (67, '4', 'фцвфцв', 'фцв', '/avatars/user-63-1774274133151.jfif', '2026-03-23 17:20:50.982734', 'lj+j7EfIgbjPR1uoDUygiPxjXHWKDpKgkjx2TwvGwH0=', true);
INSERT INTO public.chatmessages (id, channelid, username, message, photourl, "timestamp", message_encrypted, is_deleted) VALUES (68, '2', 'фцвфцв', 'мфуп', '/avatars/user-63-1774274133151.jfif', '2026-03-23 17:42:42.829605', 'M8jifo5BQd4hKaBriKl8OvFfvg0zBZnKYLMzZIF8QXk=', true);
INSERT INTO public.chatmessages (id, channelid, username, message, photourl, "timestamp", message_encrypted, is_deleted) VALUES (69, '2', 'фцвфцв', 'Йоц', '/avatars/user-63-1774274133151.jfif', '2026-03-23 17:52:36.563331', 'cgDQ695xKs8jegONW/lCKl5K07tsMkxsqPBniBjzDgU=', true);
INSERT INTO public.chatmessages (id, channelid, username, message, photourl, "timestamp", message_encrypted, is_deleted) VALUES (71, '1', 'Аркаша', 'Hello', '/avatars/user-65-1774331786760.png', '2026-03-24 08:58:43.83342', 'VJRfXY+iR31qaNy8995LydaCqIUsdlPXguFKCguvrUI=', false);
INSERT INTO public.chatmessages (id, channelid, username, message, photourl, "timestamp", message_encrypted, is_deleted) VALUES (70, '1', 'Аркаша', 'Йоу', '/image/avatar.jpg', '2026-03-24 08:56:17.372514', 'y5UL+kfhQNipTiq/8WPI1BNU53bzfnqDVLsxbxF4Wgw=', true);
INSERT INTO public.chatmessages (id, channelid, username, message, photourl, "timestamp", message_encrypted, is_deleted) VALUES (72, '1', 'Анекдот', 'Проверкка', '/image/avatar.jpg', '2026-03-24 12:23:40.538524', 'M/SSR3p5tquDWv/Dryqfx0Uj4NDA1liOdk3k7kwi8O3b7q6ND6deanTiQRB1Vx+G', true);
INSERT INTO public.chatmessages (id, channelid, username, message, photourl, "timestamp", message_encrypted, is_deleted) VALUES (73, '1', 'Анекдот', 'Фифь, это ч е за имба ', '/image/avatar.jpg', '2026-03-24 14:27:55.977148', 'yHShaB7MMPnVhtTUwb28baTA0HQfNJuI6NC1iFEaDSvDjjIoxqdnZ5ZGCb2Sn8/vuFj60az4Q23YTcIgzL5Y8Q==', false);
INSERT INTO public.chatmessages (id, channelid, username, message, photourl, "timestamp", message_encrypted, is_deleted) VALUES (74, '1', 'Аркаша', '__CHAT_PAYLOAD__:{"Message":"\u041C\u0410\u0445 \u043F\u043E\u0431\u0435\u0434\u0438\u043B","AttachmentUrl":"/chat-files/chat-65-1774355326260.png","AttachmentName":"max.png","AttachmentSize":22911,"AttachmentContentType":"image/png"}', '/avatars/user-65-1774331786760.png', '2026-03-24 15:28:46.294708', 'OnRqwH7tAlNYXTqFii5DQokYRrP8MtJn24lOFxrLC9HDQqKVace2oOdu6HEcLVkT6HbG6t6G9by2Sxx4p8S6tfE2qmHQrbu7HaBvmn0PYRBka4vHwyFpxMldP5MBdknl70NCMzIEpObnSYxPX0yS2ENgGOpCvs1sMFkA0YOjhZ4j45zlHF2+5P+fN06MYmQDhIQCwrxEkCI1wmlnl1fCUl1Q5T9c9AY3HK1VNshHslHbxhpy7/ZMbABz0lz4Gd1qsz8OZd9/AZbwb1OR0GkpR4iBG0tewhDSposb73P0EPx9w0MGJqKyNnvxSV6F5ThSuWeDWmwh08KeDY1DgqpfEg==', false);
INSERT INTO public.chatmessages (id, channelid, username, message, photourl, "timestamp", message_encrypted, is_deleted) VALUES (75, '1', 'Аркаша', '__CHAT_PAYLOAD__:{"Message":"\u0419\u043E\u0443","AttachmentUrl":"/chat-files/chat-65-1774355337415.jfif","AttachmentName":"i.jfif","AttachmentSize":19901,"AttachmentContentType":"image/jpeg"}', '/avatars/user-65-1774331786760.png', '2026-03-24 15:28:57.423631', 'eKRfp5FEVUptXjyUUnsZ1k7A9aJxjyFORFviL1Jv3dmXIUuFdETUg8qzmMXDdr76oy5LIY/Xy7RiVUckP7dzxLYGaQnKrt8wwASZsqKcvdidN+tw/N+oRFmvCaGGHZlwEzRtC6CxmRYsupiNXT6qj66izVyQfEG6MY1E02ReFroKcO6/4uwMGQqTQKVE+L5ySUenopWze3odt6Bjl1fqZsWbASRqtY+v22QMAzEhu0F8BbI6Xodtj9OMmw+kgfPahkwxVupc4ZyGVm6iXfIvJzO8qmTRbh8cpVCN9VHSW9Q=', false);
INSERT INTO public.chatmessages (id, channelid, username, message, photourl, "timestamp", message_encrypted, is_deleted) VALUES (76, '1', 'CHUL', '__CHAT_PAYLOAD__:{"Message":"\u041C\u0443\u0437\u044B\u043A\u0430","AttachmentUrl":"/chat-files/chat-69-1774355395160.mp3","AttachmentName":"Korol_i_SHut_-_Lesnik_62571704.mp3","AttachmentSize":7752560,"AttachmentContentType":"audio/mpeg"}', '/image/avatar.jpg', '2026-03-24 15:29:55.221185', 'jQSl9oI/4d2D8lXrBIjJoOxJmyNGHP+oYKFTM63qHl2c7rcmrHdeHklnQtpyJktk4xg04MKVNBOrD5A4Ps8jbiOUFH8kUzVO+m+Xs2so5oVAQ1Zrlpm99cdrDylv/AfBaAIuJKV/Jq7cz6ZQFwLsIHNRx8Y7i0RdZADGbOqybMgUd1V6ys6h4BhY4BTHYrR59AMmJgdIDZ17ygNF5z6UZYm8gHYbOH7ZcuhaHk6mjSmvAiKgX9PQrMeBEcz7cSKwxaW4qBhwwZb8s/78mbnBnUvOBNVNobG2HH9SAYehmthaseQmRQ7Efb23yL2olUa3toYiSy9B+nHk2yz/X1paFw==', false);
INSERT INTO public.chatmessages (id, channelid, username, message, photourl, "timestamp", message_encrypted, is_deleted) VALUES (77, '1', 'Аркаша', '__CHAT_PAYLOAD__:{"Message":"\u041A\u0423\u0447\u043A\u0430 \u043A\u0430\u043A\u0430\u0448\u0435\u043A","AttachmentUrl":"/chat-files/chat-65-1774356360835.jfif","AttachmentName":"i.jfif","AttachmentSize":19901,"AttachmentContentType":"image/jpeg"}', '/avatars/user-65-1774331786760.png', '2026-03-24 15:46:00.87813', '+tsBZglMjIqFa1kFH5jfHaf44/1BZMntiu6HKMWFjzgkRHOwIto98mgdtM4h8AoCcdjnMNk5ekp1ehLS48Of9sCPrUcmMYN+HbkFJ6Ey55cuXy5ob2iGujX6yLlt4SR4DVNh/Qorl+mGsTxKRerRxAQYzpFujiN/KzafcVK7sMs9nt5KeMcG+HE1dOkkdkKnxjnKXm/Rcv4++wBAkojMLlxflMMr17p0nOLZm27WLa2Nb9mvj0I6OSOz85gCNAciDNqMPiC4Gf1CmUwF0rVMF+0B7QEJa6dqNuAy0EWc35HmtKaweF0D+FcxFb6MjXv6iyMn1+baaKp870c032yR2OTnCnrumEVqbsz6vC8XVDc=', false);
INSERT INTO public.chatmessages (id, channelid, username, message, photourl, "timestamp", message_encrypted, is_deleted) VALUES (78, '1', 'ыкарыкр', '__CHAT_PAYLOAD__:{"Message":"\u0410 \u0432\u043E\u0442 \u0442\u0430\u043A \u043D\u0435 \u0434\u043E\u043B\u0436\u043D\u043E \u0431\u044B\u0442\u044C \u0431\u0440\u0443\u0445 \u043B\u0430\u0434\u043D\u0430","AttachmentUrl":null,"AttachmentName":null,"AttachmentSize":null,"AttachmentContentType":null}', '/image/avatar.jpg', '2026-03-24 15:47:20.509228', 'Cla08DJGF06xXNOsikyPNn4/uzOvBEhoPzZl+CF4AyPa1AYgpQWqpmtFh3nu6UQUfSXPt7kwxSH8B1HEXHvT/TR9q7RojZ1z+M1ZSbaLDuRoMUcFsEJzb5XwZIJCDbz+KXWrSW/QKbMkrkf1D1oFar0yPxLgtlPvjR/zrY4DaMeJc8ZSGtDZeLLTcQF9UIpw+M5ArAIN+XuijrJzwxwKNolyN4+N2e36pRXsCaPl/TGn04syaEDBTjmk4Rkwn5gqON0y8qp7cM/tAi1EF3gwSzkpe6IRgkBrylYAk5USjQ+izfaR3YHW3W/XMjon617sfNCzwE24KC8mYJYqJcBN7DijKaz4Lk9NflMf7CwgHApBHLxgIMhf+x36NRJyyJHrdd6sIdxcGvlX7qqECseJwHs1iFJNeCa5l3AMeLClgr4=', false);
INSERT INTO public.chatmessages (id, channelid, username, message, photourl, "timestamp", message_encrypted, is_deleted) VALUES (79, 'server:server-main-72::channel:1', 'Тити', '__CHAT_PAYLOAD__:{"Message":"\u0439\u043E","AttachmentUrl":"/chat-files/chat-72-1774358797054.png","AttachmentName":"max.png","AttachmentSize":22911,"AttachmentContentType":"image/png"}', '/image/avatar.jpg', '2026-03-24 16:26:37.077753', 'Wx9s34nEgaMTOeVFrWCDVeBS8yJNx66GCUZpIKpAq9ZBAu8PjfiEl9JI+pWOWGbXOmTgWzK186sEnuWA6rpszIyVEQ5KHBI9Yi+MwrDwaFhp2bLYUgymOBKpRN49EuCr7tuGJlr0a3MyjKOfHcoLun4O7fTNYvIAxtGLKYh/pm2KDrSX+doUXnmO1XOMaRWGKxhwa+7fiA3R56puD9ecpWXV2/U+IBAyBQjRrGt9YjMLKoCc+7eQ3WIAzmqkibyWGzRDFJlw3NVzr10SeWl8dw==', false);
INSERT INTO public.chatmessages (id, channelid, username, message, photourl, "timestamp", message_encrypted, is_deleted) VALUES (80, 'server:server-main-72::channel:1', 'Тити', '__CHAT_PAYLOAD__:{"Message":"\u042F \u0441\u043A\u0430\u0447\u0430\u043B \u043C\u0430\u043A\u0441, \u0430 \u0432\u044B","AttachmentUrl":null,"AttachmentName":null,"AttachmentSize":null,"AttachmentContentType":null}', '/image/avatar.jpg', '2026-03-24 16:26:50.409302', 'PJxEvNa27JT9cWbzz8JYi9FfOFddEWrU3jB6lN8Lu01wT3qGxIiTc6gjDcbxdOD9ZrTpnl7pNVmCoav29fgIVnNMEC9Od9/G2RG70w987jGoLvHedTvYg4+GqV+xzudTLu6jIq7eGRZSmO8ZejryodZe8DrKGjmEdbLbWlxRpPJ0/99kJIPC63/i3KQ7E0fOL3no9OQHoP/ZHDQRsOGRh3xxTqLql+W8g7QCPfCmhYZhXT0o2GwdlDajK5n/rnY8xhFwonfUAkIWDcIvNt6wCiqfpUMCrkanHEADmPlseAa3JGHX8sZJuRFVbNL60XRS', true);
INSERT INTO public.chatmessages (id, channelid, username, message, photourl, "timestamp", message_encrypted, is_deleted) VALUES (81, 'server:server-main-72::channel:1', 'Тити', '__CHAT_PAYLOAD__:{"Message":"\u0419\u043E\u0443","AttachmentUrl":null,"AttachmentName":null,"AttachmentSize":null,"AttachmentContentType":null}', '/image/avatar.jpg', '2026-03-25 14:03:11.728607', 'MQcZoM1FxsaR11yDkIxJYOR7p4f7NJcwH62EUHH6duGOw7/AlrjSeeV1vcdPlHpr2yL8Bfp2FbSApHXCGMS2PzU5CbyhHYPtl0Zk8r940N2zyNuDkoKVI+PMMbHt06MZwgfPNtanfVyjFLoloR+/ZQurl278IY/Rc4oGVymS/xPnDhtDwOw/DMT/fNou5BQuL00mRScvyhYgd6dJYoDeyQ==', false);
INSERT INTO public.chatmessages (id, channelid, username, message, photourl, "timestamp", message_encrypted, is_deleted) VALUES (82, 'server:server-main-72::channel:1', 'Тити', '__CHAT_PAYLOAD__:{"Message":"\u043F\u0430\u043F\u044B\u0443\u0430","AttachmentUrl":null,"AttachmentName":null,"AttachmentSize":null,"AttachmentContentType":null}', '/image/avatar.jpg', '2026-03-25 17:39:39.054345', 'IYh7PQJlWm/chfEaTmIL8k5OMGO6li5ZgV7ENVzWfVm/oxHMTADOqaS6NdwKpwzO1SVioK+f1SlLAFDZlfjho7MbtU/JXapnVrMsnb2e08kF5p2IZ+9X9AXYbejO3JSPDwqBU5imLEYA3UVfKwBf6rMgxSDdsyO3wGXomMoejUowf3qlxf+ENu89BqIwrd9pqnuwE0CVS4XMkTgh6PL6l9cotW85ufqGinWyfZ5hHeRn5oZQfCXFU79FzMtrbjok', false);
INSERT INTO public.chatmessages (id, channelid, username, message, photourl, "timestamp", message_encrypted, is_deleted) VALUES (83, 'server:server-main-72::channel:1', 'Тити', '__CHAT_PAYLOAD__:{"Message":"\u0444\u0446\u0432\u0444\u0446\u0432","AttachmentUrl":"/chat-files/chat-72-1774449590674.png","AttachmentName":"max.png","AttachmentSize":22911,"AttachmentContentType":"image/png"}', '/image/avatar.jpg', '2026-03-25 17:39:50.70561', 'cw6rl4wKSumSmBE+Q02bKzdT7h0vNmQuIzUWxrzPdN4fZFNMlgT5Eafx7XXSh55tmBovQTkQlMc0o4CR9HZ8j9DIg48NviS/FK8WUwJgv7yA4GG4yeKvqPQLJXt9hcUQbud9EtWjdHcxMvb5OhZlvos2FLZSLRhwMif9tmZcrGjC3lKq9SlWtezONvafyGxDDndmx4c1qtpdW2i6ND5IEHxLHdFppkaDBbpLajdV1hqASPuePzim9lxCTM4mZtJF6d1dsma70DkmdFMuEplHOJmZqlTA1SuIeH2G5yrQ07Z1nsZURgYUfIi66wo2JgeI', false);
INSERT INTO public.chatmessages (id, channelid, username, message, photourl, "timestamp", message_encrypted, is_deleted) VALUES (84, 'server:server-main-72::channel:1', 'Тити', '__CHAT_PAYLOAD__:{"Message":"\u044B\u0432\u0443\u043F\u043C\u044B\u043A\u044B\u043A\u0440","AttachmentUrl":null,"AttachmentName":null,"AttachmentSize":null,"AttachmentContentType":null}', '/image/avatar.jpg', '2026-03-25 17:40:45.717882', 'JL2CrZGpqn8o/FXKRgsXw7a0We2Q+XCT8fq0KY8jx9UBqq/Y2id/fiKMFxrFS+gWPuAyYJ73x92jFZFNfjxKJw2PE34thLrCzvfif1zzZkImrn+ZFzSraVuptf527Gku0F1lo5vrXvUi9GNQt01Fnk4QDYY2SSBNk9WO+6qSlM56lZmPjH4KSL6i+zaJAjzusr31lZdIeQ/aM1jHjj73f3QAEx9DY+SXQ7X1oMXvOIHU0/c9Q2sVf8UUj7D3HiL3LYZStz3Iz/nlkkxlAB6M/g==', false);
INSERT INTO public.chatmessages (id, channelid, username, message, photourl, "timestamp", message_encrypted, is_deleted) VALUES (85, 'server:server-main-72::channel:1', 'Тити', '__CHAT_PAYLOAD__:{"Message":"\u044B\u0443\u043F\u0443\u043F","AttachmentUrl":null,"AttachmentName":null,"AttachmentSize":null,"AttachmentContentType":null}', '/image/avatar.jpg', '2026-03-25 17:40:55.415246', 'u50UGSKmzNAEUPydcPyXH2I12CPwdyU2/3yj3zBgPEwsaDBsdEoJ6Nq+L291hoNjvxH8gJE5NVaJMTMFHUDsVH5ZqOzHwP5X0Q9uCxL8S5OBY9yeUdI7T2m6LGvwCDZoZWHqaof77o0/CgCDO66o3fD2eRcpxkNuS/tx8SrzgnjYsjlezWrXj+5+JfeNcC1jpiT4i9tBk1cPLi+eJ5FjVnqFWga0QGtE0zA+VXkYo2M=', false);
INSERT INTO public.chatmessages (id, channelid, username, message, photourl, "timestamp", message_encrypted, is_deleted) VALUES (86, 'server:server-main-72::channel:1', 'Тити', '__CHAT_PAYLOAD__:{"Message":"\u0424\u0423\u0430\u0444\u0443\u043F","AttachmentUrl":null,"AttachmentName":null,"AttachmentSize":null,"AttachmentContentType":null}', '/image/avatar.jpg', '2026-03-25 17:52:53.410072', '4AZrk8XTzfSw/jKJke7Lvz2J7fNiUFKLr6pzB/MngV1Q8m1MfOrP6xkVIE78sXWAEPSxdnD7qBPuBHyE2/SOzHQBSJg0BoWqXv2gQVIIh0J/zb/Uv5xDbb7/A4XCnxSCY80EHmDyIxBe7GlxdTaaGJ8D2S70hQcMFCKDXjqFH9wCHQgc7CyL5ZEBj7ljgkOF0PfiMALn498yi02agZf56RyP10/iUOW3GCiMNyog/4nsK6u+nzcU/l8Ya73gg/w6', false);
INSERT INTO public.chatmessages (id, channelid, username, message, photourl, "timestamp", message_encrypted, is_deleted) VALUES (87, 'server:server-main-72::channel:1', 'Тити', '__CHAT_PAYLOAD__:{"Message":"\u0423\u0440\u0430 \u043C\u0430\u043A\u0441","AttachmentUrl":"/chat-files/chat-72-1774450382940.png","AttachmentName":"max.png","AttachmentSize":22911,"AttachmentContentType":"image/png"}', '/image/avatar.jpg', '2026-03-25 17:53:02.950008', 'o0XS3q+13MWr4MIC9r7XFPDUw+ZVZEE9wZV7SrmY7mZMOZiMRmvMPYxxJFsBrElnTPpgKnWUBRibsyBZK+v/TSrxqSD5ieFhhmA086AgKAuZycqZDfNFEnpzX0H209aphYhssNp45LN1HBVXRZLfCni9L2mDoTz/GFxoJfavfe3xvKrCLrl9lxEBxEzgIATxNofQxMQC3lNObW+KLF5blGZg7SOmBYVCf6S7eH0ybJF4qnn8voJeLfm2SM2iD2gr25iYNFGJ+3mDdaPKtdhIZE/M0G0PPDXVSnnIzj/kzHJNSi64LW+skP0xUsp0Zi5g', false);
INSERT INTO public.chatmessages (id, channelid, username, message, photourl, "timestamp", message_encrypted, is_deleted) VALUES (88, 'server:server-main-74::channel:1', 'Мифодий влц', '__CHAT_PAYLOAD__:{"AuthorUserId":"74","Message":"\u0419\u043E\u0443","AttachmentUrl":"","AttachmentName":null,"AttachmentSize":null,"AttachmentContentType":""}', '', '2026-03-26 12:58:46.812696', 'v2:hYrUMTl9CducGUQIg4Pejr5ESCQRpCZEYgkP+XMWl+84juwHpzS984QZ8PjNCeu7tP3BIPhzsKFvbS4iBsNk7c+ySOGsXOqmpst/3h+f5BGwTilTVqM4qwchi1bry1QD6KJwnvQuNKVcQJpl2E89d14wCGm9vCjoTRJnGqJbyZQmWLj0V5Hy6yUR66+gzAklCasDNfdDRFOT0FBWgzOnXTgLXtanwaBS5E98d0hF8BFl/LAtkGgcSLCFiw==', false);
INSERT INTO public.chatmessages (id, channelid, username, message, photourl, "timestamp", message_encrypted, is_deleted) VALUES (89, 'server:server-main-46::channel:1', 'admin admin', '__CHAT_PAYLOAD__:{"AuthorUserId":"46","Message":"Qje","AttachmentUrl":"","AttachmentName":null,"AttachmentSize":null,"AttachmentContentType":""}', '', '2026-03-26 13:36:15.610564', 'v2:CPjeu4YROFVeuPMpyXganC7sK+UIURnCtoJBJ5HG7eKu7kCsghokWJOKt1Q/f3UqHIj2NqrRoflGKiAiai1f9KrIHZaGit7jYZs1MZ6Fc+WyIc0qHC3G5KTN5wxk0IjCgiZSVeue48qby2IggDcXteArSmMHnDxFC/QDd8RGkjC/QnY6HmuPeZY7YYjERzHCtWTLK4Crl2G37CLt2xDtdd3zFolK1KFlLZoL+A==', false);
INSERT INTO public.chatmessages (id, channelid, username, message, photourl, "timestamp", message_encrypted, is_deleted) VALUES (90, 'server:server-main-46::channel:1', 'admin admin', '__CHAT_PAYLOAD__:{"AuthorUserId":"46","Message":"\u0419\u043E\u0443","AttachmentUrl":"","AttachmentName":null,"AttachmentSize":null,"AttachmentContentType":""}', '', '2026-03-26 13:36:18.329976', 'v2:r1Mk/st+mfWsA4chYgwhBt3W2EGPxLjEZDHLjfK2hgOGN6/xk7r02J7OuhW/69OC/39TM497BcGsUFwdtCjbJnNKD0WAU1bMDKICiROmN0kChVhrglOWWcKUBe4defrCMP/9GqIBrYkZLdgw9vjhf/YMyY+YmIUdNuXkHGkFJTX1C2xTTcmUvFgALB6/ZbDh/NqcZgTqtINmCucYq7yFIS5LdJn8tJKgK8JUYJFjHoI3RO0tylQWjaR8fQ==', false);
INSERT INTO public.chatmessages (id, channelid, username, message, photourl, "timestamp", message_encrypted, is_deleted) VALUES (91, 'server:server-main-46::channel:1', 'admin admin', '__CHAT_PAYLOAD__:{"AuthorUserId":"46","Message":"","AttachmentUrl":"/chat-files/chat-46-ae4d511133f2417a97e81bcef8760687.mp3","AttachmentName":"Korol_i_SHut_-_Lesnik_62571704.mp3","AttachmentSize":7752560,"AttachmentContentType":"audio/mpeg"}', '', '2026-03-26 13:40:05.209305', 'v2:9aOZCp3D3HmtfFxbpLUVAJdyuK3E4nVjV9B1RpCS+0Z3d9CbBWnoJprykqF3+goPxGRy4ditHEEo3NZMjKwg6cWV2E89UnRJymMq7CrKu0FSyKdBdq2NhiHB2oscUh2Cde+NCabHFeRw1NF+x24BgVQ04gpG6uyGU9/NPyHvbnXs9ZrmCGOj00a5zwwh1jo/n2OhUlCjGb0M98IAS0mJADMhlHeWAroMRXqD5uMMVAE0jlAiiV9w6HFJ8M2ztMvGEYfvS7e10bD+4DrLKb47Nke27rDtPQXUZ4We0l8+omY0ZqXFP8M0doY6rKwQb1Nk3VNuQkiZhaqVBpXLfhjCyjFnM0TDps2QkZwQ00jh', false);
INSERT INTO public.chatmessages (id, channelid, username, message, photourl, "timestamp", message_encrypted, is_deleted) VALUES (107, 'server:server-main-46::channel:1', 'admin admin', NULL, '', '2026-03-27 10:03:48.986435', 'v2:SIJnSGjCr64TC1grkVf5YDvfCRmPiFqYTANTtYwh4BjRjiXg3xdAGiCtboe6CnRHTWpaqq4sWaNph8xeXnKgAbvwdmGFX8TAQ3SKqoB/UANIuPiAxMWtFKuiU7KFX3wg0p3DNDt9S2nAR0CBidE+xibF0BGZUbRSKfQckEyuLAArYdnU2dXUupUjdJC0ykcO+J0kDmcINhdYDzXOwu0plLNH+6CqcVWr2R/KDFwU8YgyH9kSzVQK1G/FSFW1k2CBXA==', false);
INSERT INTO public.chatmessages (id, channelid, username, message, photourl, "timestamp", message_encrypted, is_deleted) VALUES (108, 'server:server-main-46::channel:1', 'admin admin', NULL, '', '2026-03-27 10:03:58.878088', 'v2:LWownMq9V5Y7HycXAFUyut2/8GODg9tNd/FuJBOuUzvM8UOx30iSoYcp7IG4TYcRrvkXVvuUnllZsZXOMUQ2vBfOmjV4nTcKKqlKSrvthBiDVd9CiUZs0cwlUy+loz9m6eKUbHVuCrlYrvu9jk66NRmRLhPJviDsmZRfcsz4JPWCmdnw7M4bDH6av9aIGqryHEXXHyTiFWOmrQlujNySkQOMMuRMbWvDcbI9qRV8SiJIBvQgThbJmdfuCbGRSUc0mg==', false);
INSERT INTO public.chatmessages (id, channelid, username, message, photourl, "timestamp", message_encrypted, is_deleted) VALUES (109, 'dm:46:73', 'admin admin', NULL, '', '2026-03-27 10:10:50.188648', 'v2:rn6kwsplXpOZgp7ilFrnDUBTfODdqt2FnVBB8+d9N1GOzLzW7L3zlh+XvZGOQHo4e+C0Q1UGrLE2fSwH8Wnyhon5A7ueYjBY4mU5qkxkCeBJB1DXLS4fKCRAPyURLGIiOpztbEfKAua8EQeGMmpiLtPB3ZNPYCw3oHq/Ua63dMWuNbsiUNsasS0gcchkKo7qAIRiqHJ3bq7mDUOP19x1TxNy5pDR4rgV6HYY8ZBUdXlDqYEio1qf0eFzHw==', false);
INSERT INTO public.chatmessages (id, channelid, username, message, photourl, "timestamp", message_encrypted, is_deleted) VALUES (110, 'server:server-main-46::channel:1', 'admin admin', NULL, '', '2026-03-27 10:12:19.537748', 'v2:RjFK/qxFKxI6jUW71lO9fDWeh+yAXvYuFxvPQxCjObcnti9zU8fpmtLXhrJNKWbltAB12npN9TjJJLI52u2a/SrWM0Np89JABHPwhlBUDJ18uVn+EIe12M/4t2ky8aGb+XA0z80vY4enzrzCq5lfLV1C9m8bD2qA/+BppacNd2ZdSa7b2R4oCQZx7ScomofDEcPsikRw/i2jSc2A4fALLHBocDbeS++FOYxG4LnI0g==', false);
INSERT INTO public.chatmessages (id, channelid, username, message, photourl, "timestamp", message_encrypted, is_deleted) VALUES (111, 'server:server-main-46::channel:1', 'admin admin', NULL, '', '2026-03-27 11:23:59.480123', 'v2:7iL6HofTr9NMY79bLnaMfQdpWbY++YWLCD4Glv8mg1z/ovh5SwGGxIdocdtEefPsMVow1mSC0lq5tVvy3awUlta7vpN9HW4Kch2GfCYosNY6SBRdC/CQ4hkYHnt+CbMVFuF7YTr4rJSqH2RD1xIQwoqZVA0ew2u/D0Ywk2LXatDPc3ai/n783Uc96uxLUF35ggPU+kDA+xX1FKHQ5WX2qBb+CnMFwBfgJZy/RH/9vBxDiPguGGhODSMsdA==', false);
INSERT INTO public.chatmessages (id, channelid, username, message, photourl, "timestamp", message_encrypted, is_deleted) VALUES (112, 'server:server-main-46::channel:1', 'admin admin', NULL, '', '2026-03-27 12:37:19.811778', 'v2:nn5/KKhFrLIz9YT/ddp+iYeEXhcnGMEto2SNHB1pUqap0SSBzhF48q8BvdkgXBjCydpmjCBCVz9PGyEOS46Y/Ftc7ayDQSUSPsHVzs3yrEr3UchSzE2esE81o/prYF7CkSSp5N6JgJCyDaSjyERqh9vzUtpqa8Q/wTrP6IYzvIIcFZuPKBMfWKxifuj2z+ftaOj0gwonXdvNAqhtur+aw5+5foxB8GA8yyqs+FPwJWJW2Wsy6AoGr4JlEeBjSF4O9lM5TvzJBAUXwmk/tbEfHpmslmQDF3rhzN7aHP6QmoKrTs+HEWqkjqDReIi7R+x0/xzcHB/1TRdw/8kygNlY/jT4gjVXy7zrK3A3BkHgmgrY+tuWVeUi+RNPg/I9YgHbyoYzb92BehLE0ErGk0TozecOKKh+ZL0ii+uDvotUuHhqY4YKW/WbWX8=', false);


--
-- Data for Name: friendships; Type: TABLE DATA; Schema: public; Owner: postgres
--

INSERT INTO public.friendships (id, user_low_id, user_high_id, created_at) VALUES (1, 46, 73, '2026-03-26 17:45:26.313931+03');


--
-- Data for Name: refresh_tokens; Type: TABLE DATA; Schema: public; Owner: postgres
--

INSERT INTO public.refresh_tokens (id, user_id, token_hash, created_at, expires_at, revoked_at, replaced_by_token_hash) VALUES (1, 46, '775CEC98BAEEA94751DB1E8EDEF0A5B2D89104618F06E8FD48DF9266B568AA2D', '2026-03-26 16:53:28.538111+03', '2026-04-25 16:53:28.534951+03', '2026-03-26 17:30:52.052447+03', NULL);
INSERT INTO public.refresh_tokens (id, user_id, token_hash, created_at, expires_at, revoked_at, replaced_by_token_hash) VALUES (2, 46, '660B8D6EA7FF2D513045CC8EB98E1E38AD62C29D42B02AAABDF13077CACFB713', '2026-03-26 17:30:52.0772+03', '2026-04-25 17:30:52.077116+03', '2026-03-26 17:51:14.203854+03', NULL);
INSERT INTO public.refresh_tokens (id, user_id, token_hash, created_at, expires_at, revoked_at, replaced_by_token_hash) VALUES (3, 73, '485F63DA762A80A0E449E2CB465575D7D1218859EAFC6BE68BD221CF1F7B01A8', '2026-03-26 17:34:50.436515+03', '2026-04-25 17:34:50.436411+03', '2026-03-26 17:59:05.551145+03', '49486AEC2FFCBC9539E35D70DE66DEDD5DE611B5E646B51160A3C4E5D51A83A6');
INSERT INTO public.refresh_tokens (id, user_id, token_hash, created_at, expires_at, revoked_at, replaced_by_token_hash) VALUES (4, 46, '1A553A8B4FB0C9F0857D137DC0268E6DDFEF20F66D9735667CA24BD1A3845254', '2026-03-26 17:51:14.357074+03', '2026-04-25 17:51:14.354268+03', '2026-03-27 09:12:40.487002+03', NULL);
INSERT INTO public.refresh_tokens (id, user_id, token_hash, created_at, expires_at, revoked_at, replaced_by_token_hash) VALUES (6, 46, '1B2A481657DCF1B8694B80F717C0E3B627BCC953A955C7095590AE2A9C16AB8A', '2026-03-27 09:12:40.697551+03', '2026-04-26 09:12:40.694726+03', '2026-03-27 09:48:58.943475+03', NULL);
INSERT INTO public.refresh_tokens (id, user_id, token_hash, created_at, expires_at, revoked_at, replaced_by_token_hash) VALUES (7, 46, '7C2999A1124978A008F9E74E42902F85DC4ED4E81B90F32477F458B50B166C00', '2026-03-27 09:48:59.150227+03', '2026-04-26 09:48:59.148159+03', '2026-03-27 10:09:08.428257+03', '2E853DAF0B7BF8550A4AFACC9E9DB48D0454C4AF89B0309168263801E61D6FC2');
INSERT INTO public.refresh_tokens (id, user_id, token_hash, created_at, expires_at, revoked_at, replaced_by_token_hash) VALUES (8, 46, '2E853DAF0B7BF8550A4AFACC9E9DB48D0454C4AF89B0309168263801E61D6FC2', '2026-03-27 10:09:08.428396+03', '2026-04-26 10:09:08.42832+03', '2026-03-27 10:10:16.443702+03', NULL);
INSERT INTO public.refresh_tokens (id, user_id, token_hash, created_at, expires_at, revoked_at, replaced_by_token_hash) VALUES (5, 73, '49486AEC2FFCBC9539E35D70DE66DEDD5DE611B5E646B51160A3C4E5D51A83A6', '2026-03-26 17:59:05.551305+03', '2026-04-25 17:59:05.551204+03', '2026-03-27 10:10:56.862221+03', NULL);
INSERT INTO public.refresh_tokens (id, user_id, token_hash, created_at, expires_at, revoked_at, replaced_by_token_hash) VALUES (23, 46, '6EA4B9E2848DB270A62DBEFCA4063937D9E952CBA434DCE8C21E956BEE638D60', '2026-03-27 12:37:19.561234+03', '2026-04-26 12:37:19.561168+03', '2026-03-27 12:57:49.132238+03', '0B5F2F88D71699F9AC3F467C9C0762A05C36E764D192F3644B9B90DA00DCB687');
INSERT INTO public.refresh_tokens (id, user_id, token_hash, created_at, expires_at, revoked_at, replaced_by_token_hash) VALUES (9, 46, 'A3C847BA649597CE15F9344600F9C406C82A4DED2DC5A741EA92FED3B7513CB3', '2026-03-27 10:10:16.44992+03', '2026-04-26 10:10:16.449847+03', '2026-03-27 10:40:15.0987+03', '3D4C35F9801F6F8537B1D8E016C181A4E4984CCBF0F14246CAACD7E385951FE0');
INSERT INTO public.refresh_tokens (id, user_id, token_hash, created_at, expires_at, revoked_at, replaced_by_token_hash) VALUES (20, 73, '6E6571B4B6CEDD6AE6D17B253070A36072BC94438CA00658A585D788262660C2', '2026-03-27 11:57:59.249933+03', '2026-04-26 11:57:59.249892+03', '2026-03-27 12:58:20.162341+03', NULL);
INSERT INTO public.refresh_tokens (id, user_id, token_hash, created_at, expires_at, revoked_at, replaced_by_token_hash) VALUES (10, 73, '6F2BE5E9A7E76973A8300F42D0D8DC9A4675E1BAEEC96FC8842BD50AFFA247E6', '2026-03-27 10:10:56.868865+03', '2026-04-26 10:10:56.86864+03', '2026-03-27 10:40:15.265443+03', 'A8907F000D1FFE922709041541159E909090C826AB6727541D3CDF93D0A591A1');
INSERT INTO public.refresh_tokens (id, user_id, token_hash, created_at, expires_at, revoked_at, replaced_by_token_hash) VALUES (11, 46, '3D4C35F9801F6F8537B1D8E016C181A4E4984CCBF0F14246CAACD7E385951FE0', '2026-03-27 10:40:15.098789+03', '2026-04-26 10:40:15.098725+03', '2026-03-27 10:41:20.661426+03', NULL);
INSERT INTO public.refresh_tokens (id, user_id, token_hash, created_at, expires_at, revoked_at, replaced_by_token_hash) VALUES (25, 73, '434A88C7DDCA68AB09B0787D1872CA3C8E250B8A969E7E8D140DB046A8864244', '2026-03-27 12:58:20.171585+03', '2026-04-26 12:58:20.17153+03', NULL, NULL);
INSERT INTO public.refresh_tokens (id, user_id, token_hash, created_at, expires_at, revoked_at, replaced_by_token_hash) VALUES (13, 46, 'D0C401131078A45A2AD2A731D9B822FB8F49A4235CFA77D02678B7106E38115E', '2026-03-27 10:41:20.666238+03', '2026-04-26 10:41:20.666194+03', '2026-03-27 11:08:06.177745+03', 'A29CBCC81FC234F3A2857875B4F05AE0705905B2E4D768D3EE015CC191A46DDD');
INSERT INTO public.refresh_tokens (id, user_id, token_hash, created_at, expires_at, revoked_at, replaced_by_token_hash) VALUES (14, 46, 'A29CBCC81FC234F3A2857875B4F05AE0705905B2E4D768D3EE015CC191A46DDD', '2026-03-27 11:08:06.177827+03', '2026-04-26 11:08:06.177765+03', '2026-03-27 11:08:18.676096+03', NULL);
INSERT INTO public.refresh_tokens (id, user_id, token_hash, created_at, expires_at, revoked_at, replaced_by_token_hash) VALUES (12, 73, 'A8907F000D1FFE922709041541159E909090C826AB6727541D3CDF93D0A591A1', '2026-03-27 10:40:15.26564+03', '2026-04-26 10:40:15.265585+03', '2026-03-27 11:35:35.292121+03', NULL);
INSERT INTO public.refresh_tokens (id, user_id, token_hash, created_at, expires_at, revoked_at, replaced_by_token_hash) VALUES (16, 73, 'D16F1ECED9B5ECF35D4100938D22ABDAD236F4E9725D55610B49957BB0FAA2AF', '2026-03-27 11:35:35.297849+03', '2026-04-26 11:35:35.297794+03', '2026-03-27 11:36:17.605916+03', NULL);
INSERT INTO public.refresh_tokens (id, user_id, token_hash, created_at, expires_at, revoked_at, replaced_by_token_hash) VALUES (15, 46, 'F1FD09EC82AA075397F971D1DD146976732922834BED7954B134A0199EAE9288', '2026-03-27 11:08:18.684392+03', '2026-04-26 11:08:18.684341+03', '2026-03-27 11:42:43.370725+03', '5E14019364C9D7AB9D90E4E20EB23A218A17816B23C5DA0336044FEEBFE47F82');
INSERT INTO public.refresh_tokens (id, user_id, token_hash, created_at, expires_at, revoked_at, replaced_by_token_hash) VALUES (18, 46, '5E14019364C9D7AB9D90E4E20EB23A218A17816B23C5DA0336044FEEBFE47F82', '2026-03-27 11:42:43.370784+03', '2026-04-26 11:42:43.37074+03', '2026-03-27 11:43:01.274042+03', NULL);
INSERT INTO public.refresh_tokens (id, user_id, token_hash, created_at, expires_at, revoked_at, replaced_by_token_hash) VALUES (17, 73, 'C7719BD38489DEC14719AD6622E0C37A6997D1E5B19E540F1DA444DAD61B5437', '2026-03-27 11:36:17.62329+03', '2026-04-26 11:36:17.623244+03', '2026-03-27 11:57:59.249876+03', '6E6571B4B6CEDD6AE6D17B253070A36072BC94438CA00658A585D788262660C2');
INSERT INTO public.refresh_tokens (id, user_id, token_hash, created_at, expires_at, revoked_at, replaced_by_token_hash) VALUES (24, 46, '0B5F2F88D71699F9AC3F467C9C0762A05C36E764D192F3644B9B90DA00DCB687', '2026-03-27 12:57:49.132379+03', '2026-04-26 12:57:49.132293+03', '2026-03-27 15:14:33.750604+03', '97FDAE9ED5B6E4B7BFA29BCE76FB499836B390915A45F0950E32B45C598CFB1C');
INSERT INTO public.refresh_tokens (id, user_id, token_hash, created_at, expires_at, revoked_at, replaced_by_token_hash) VALUES (19, 46, 'D76954311F9760DE7D4CE6503013B76E161539BCFF2386C1E54CD50F7DD1F775', '2026-03-27 11:43:01.280241+03', '2026-04-26 11:43:01.280196+03', '2026-03-27 12:06:40.540741+03', '50939176D4BF39A730AD88C70FF17CE23246A7C32B265E104EC874676B940673');
INSERT INTO public.refresh_tokens (id, user_id, token_hash, created_at, expires_at, revoked_at, replaced_by_token_hash) VALUES (21, 46, '50939176D4BF39A730AD88C70FF17CE23246A7C32B265E104EC874676B940673', '2026-03-27 12:06:40.542308+03', '2026-04-26 12:06:40.540757+03', '2026-03-27 12:06:58.052648+03', NULL);
INSERT INTO public.refresh_tokens (id, user_id, token_hash, created_at, expires_at, revoked_at, replaced_by_token_hash) VALUES (22, 46, '52C70199ECEE62B8A39E65D049FB8B123124414AE0E83EA696EDA1F7562F563A', '2026-03-27 12:06:58.05836+03', '2026-04-26 12:06:58.058293+03', '2026-03-27 12:37:19.561074+03', '6EA4B9E2848DB270A62DBEFCA4063937D9E952CBA434DCE8C21E956BEE638D60');
INSERT INTO public.refresh_tokens (id, user_id, token_hash, created_at, expires_at, revoked_at, replaced_by_token_hash) VALUES (27, 46, 'D39413934AAC7A99AEB430A2A5A82FC9A97B83040EF30624E5FB630C460ED610', '2026-03-27 16:00:08.95268+03', '2026-04-26 16:00:08.951744+03', NULL, NULL);
INSERT INTO public.refresh_tokens (id, user_id, token_hash, created_at, expires_at, revoked_at, replaced_by_token_hash) VALUES (26, 46, '97FDAE9ED5B6E4B7BFA29BCE76FB499836B390915A45F0950E32B45C598CFB1C', '2026-03-27 15:14:33.754038+03', '2026-04-26 15:14:33.752916+03', '2026-03-27 16:00:08.950089+03', 'D39413934AAC7A99AEB430A2A5A82FC9A97B83040EF30624E5FB630C460ED610');


--
-- Data for Name: server_invites; Type: TABLE DATA; Schema: public; Owner: postgres
--



--
-- Data for Name: shared_server_snapshots; Type: TABLE DATA; Schema: public; Owner: postgres
--

INSERT INTO public.shared_server_snapshots (id, server_id, owner_user_id, snapshot_json, created_at, updated_at) VALUES (3, 'server-73-57shpxvs', '73', '{"id":"server-73-57shpxvs","name":"\u0421\u0435\u0440\u0432\u0435\u0440 1","icon":"","ownerId":"73","roles":[{"id":"owner","name":"Owner","color":"#f4c95d","priority":400,"permissions":["manage_server","manage_channels","manage_roles","manage_messages","manage_nicknames","invite_members","mute_members","deafen_members","move_members"]},{"id":"admin","name":"Admin","color":"#ff8a65","priority":300,"permissions":["manage_server","manage_channels","manage_roles","manage_messages","manage_nicknames","invite_members","mute_members","deafen_members","move_members"]},{"id":"moderator","name":"Moderator","color":"#5dc7b7","priority":200,"permissions":["manage_channels","manage_messages","manage_nicknames","mute_members","deafen_members"]},{"id":"member","name":"Member","color":"#7b89a8","priority":100,"permissions":[]}],"members":[{"userId":"73","name":"gfjsg","avatar":"/image/avatar.jpg","roleId":"owner"}],"textChannels":[{"id":"text-eiz01952","name":"# general"}],"voiceChannels":[{"id":"voice-fvis686k","name":"general_voice"}]}', '2026-03-27 12:58:26.475499+03', '2026-03-27 13:08:07.215736+03');
INSERT INTO public.shared_server_snapshots (id, server_id, owner_user_id, snapshot_json, created_at, updated_at) VALUES (2, 'server-73-wizn2pfp', '73', '{"id":"server-73-wizn2pfp","name":"\u0421\u0435\u0440\u0432\u0435\u0440 2","icon":"","ownerId":"73","roles":[{"id":"owner","name":"Owner","color":"#f4c95d","priority":400,"permissions":["manage_server","manage_channels","manage_roles","manage_messages","manage_nicknames","invite_members","mute_members","deafen_members","move_members"]},{"id":"admin","name":"Admin","color":"#ff8a65","priority":300,"permissions":["manage_server","manage_channels","manage_roles","manage_messages","manage_nicknames","invite_members","mute_members","deafen_members","move_members"]},{"id":"moderator","name":"Moderator","color":"#5dc7b7","priority":200,"permissions":["manage_channels","manage_messages","manage_nicknames","mute_members","deafen_members"]},{"id":"member","name":"Member","color":"#7b89a8","priority":100,"permissions":[]}],"members":[{"userId":"73","name":"gfjsg","avatar":"/image/avatar.jpg","roleId":"owner"}],"textChannels":[{"id":"text-al1uazvq","name":"# general"}],"voiceChannels":[{"id":"voice-8r18kcjd","name":"general_voice"}]}', '2026-03-27 10:13:54.41728+03', '2026-03-27 11:35:42.339832+03');
INSERT INTO public.shared_server_snapshots (id, server_id, owner_user_id, snapshot_json, created_at, updated_at) VALUES (1, 'server-46-3ggsr91w', '46', '{"id":"server-46-3ggsr91w","name":"\u0421\u0435\u0440\u0432\u0435\u0440 2","icon":"","ownerId":"46","roles":[{"id":"owner","name":"Owner","color":"#f4c95d","priority":400,"permissions":["manage_server","manage_channels","manage_roles","manage_messages","manage_nicknames","invite_members","mute_members","deafen_members","move_members"]},{"id":"admin","name":"Admin","color":"#ff8a65","priority":300,"permissions":["manage_server","manage_channels","manage_roles","manage_messages","manage_nicknames","invite_members","mute_members","deafen_members","move_members"]},{"id":"moderator","name":"Moderator","color":"#5dc7b7","priority":200,"permissions":["manage_channels","manage_messages","manage_nicknames","mute_members","deafen_members"]},{"id":"member","name":"Member","color":"#7b89a8","priority":100,"permissions":[]}],"members":[{"userId":"46","name":"admin","avatar":"/image/avatar.jpg","roleId":"owner"}],"textChannels":[{"id":"text-49kj6tlm","name":"# general"}],"voiceChannels":[{"id":"voice-rt0wdnn4","name":"general_voice"}]}', '2026-03-27 10:04:16.24424+03', '2026-03-27 16:01:42.06228+03');


--
-- Data for Name: users; Type: TABLE DATA; Schema: public; Owner: postgres
--

INSERT INTO public.users (id, first_name, last_name, email, password_hash, img) VALUES (1, 'Beta', 'test', 'test@gmail.com', 'jGl25bVBBBW96Qi9Te4V37Fnqchz/Eu4qB9vKrRIqRg=', 'default-avatar.png');
INSERT INTO public.users (id, first_name, last_name, email, password_hash, img) VALUES (2, 'John', 'Walker', 'john@gmail.com', 'AQAAAAIAAYagAAAAEI3G0yN6J42pcY994jPHx4RK/kLIG9Gpbwr1ZziulRNcqnykYXRpc27PRko+evTx0Q==', 'default-avatar.png');
INSERT INTO public.users (id, first_name, last_name, email, password_hash, img) VALUES (3, 'beta2', 'beta2', 'beta2@gmail.com', 'AQAAAAIAAYagAAAAEMPX8/mT52n3MwwofUkd1xC+Ci7J1aAMC85vLCKcGeg/i/qRacz2tCcenxSPYXUQAw==', 'default-avatar.png');
INSERT INTO public.users (id, first_name, last_name, email, password_hash, img) VALUES (4, 'string', 'string', 'user@example.com', 'AQAAAAIAAYagAAAAEHhUfIzIkeAuOfWEKLLkhE/g7n5rOUO0kE6h69qoB6/c8U1U/wb77Ry5lIc0YUX2jA==', 'default-avatar.png');
INSERT INTO public.users (id, first_name, last_name, email, password_hash, img) VALUES (5, 'auto', 'auto', 'auto@gmail.com', 'AQAAAAIAAYagAAAAEEmQGW/4tGqcn06ND2gqSFu/1YKFZYMa6BPvYWZLjVGgs0Lm3f2NOgHkYKD5o1hoiA==', 'default-avatar.png');
INSERT INTO public.users (id, first_name, last_name, email, password_hash, img) VALUES (7, 'alpha', 'alpha', 'alpha@gmail.com', 'AQAAAAIAAYagAAAAEG09hW0g48wplNgbb2JT+vp4XB2AU96T4gAK43xyNuWrdNzi3RIhDqmPjXGeoyNdFw==', 'default-avatar.png');
INSERT INTO public.users (id, first_name, last_name, email, password_hash, img) VALUES (8, 'aoao', 'aoodo', 'alpha2@gmail.com', 'AQAAAAIAAYagAAAAEDgcai0g9H5popDGDrVD//g6g3bd0imRKU9JF76AzbhKPwQr90/vJcq+XWe5JDhRaQ==', 'default-avatar.png');
INSERT INTO public.users (id, first_name, last_name, email, password_hash, img) VALUES (9, 'a', 'a', 'a@gmail.com', 'AQAAAAIAAYagAAAAEEtoc56EqTQmYVwl6KR4NRvrzx+kKLYNuIBdrQHmU2WHYdv8jvdNstV1etqECRJi7g==', 'default-avatar.png');
INSERT INTO public.users (id, first_name, last_name, email, password_hash, img) VALUES (11, 'afgrw', 'wgrwgwrg', 'werg@gmail.com', 'AQAAAAIAAYagAAAAEFo5PQiQ6P5syan1XPovWDfDXIFsuDxGWidJx54S7ucYvJSNj9F7KfDItz+Q1O72KA==', 'default-avatar.png');
INSERT INTO public.users (id, first_name, last_name, email, password_hash, img) VALUES (12, 'ddwaw', 'awdawd', 'awd@gmail.com', 'AQAAAAIAAYagAAAAEM2QVsEMkVBGPlmuseZhfNoxmCJFCX1WQbEYHS5jmcW/cwAoQJiZYwTsFzy0NUjciQ==', 'default-avatar.png');
INSERT INTO public.users (id, first_name, last_name, email, password_hash, img) VALUES (13, 'awf', 'awfawf', 'awdaw@gmail.com', 'AQAAAAIAAYagAAAAEJl6opo0hKfOSawgtNKbVSRuUiqT/jtLkLUEnXxervPOnj2KDYG/ErK541u7kV0/zA==', 'default-avatar.png');
INSERT INTO public.users (id, first_name, last_name, email, password_hash, img) VALUES (14, 'qqqq', 'www', 'www@gmail.com', 'AQAAAAIAAYagAAAAEAsTqnw/K6UrsiohXGG/5GPkI1e08eRbMyEXP72B88+ZxM2JMgteiwrzsOgWBL3IIw==', 'default-avatar.png');
INSERT INTO public.users (id, first_name, last_name, email, password_hash, img) VALUES (15, 'beta3', 'beta3', 'beta3@gmail.com', 'AQAAAAIAAYagAAAAEHRl8cBFayjnKLpSY67xALSBUHYkzSytvCX91y/TcB7rbIGs3j/8tYyFgvsVnjK0+w==', 'default-avatar.png');
INSERT INTO public.users (id, first_name, last_name, email, password_hash, img) VALUES (16, 'awdawd', 'awdawd', 'awdawd@gmail.com', 'AQAAAAIAAYagAAAAEA6RdZAZcjdsdCVEl1sT+FO7yEJo1g0aY6x6ItSZl0YaVDb93jEm8k1tlFTAPaYHQA==', 'default-avatar.png');
INSERT INTO public.users (id, first_name, last_name, email, password_hash, img) VALUES (17, '2r2rw', 'rw4', 'wgr4w@gmail.com', 'AQAAAAIAAYagAAAAEKRfVNRooH4Ne/FQhkpmgfT9HTrZrkZzRKAzI9g2ULETKj5mPIpkW0/mI9giOXl4Uw==', 'default-avatar.png');
INSERT INTO public.users (id, first_name, last_name, email, password_hash, img) VALUES (18, 'eggteetg', 'egtetgget', 'rge@gmail.com', 'AQAAAAIAAYagAAAAELGf+uUm+NvVaATG89JYzY2uXoA1OB69C6c+bxgsihrzdT24bsJDgXibYPKMod5Tew==', 'default-avatar.png');
INSERT INTO public.users (id, first_name, last_name, email, password_hash, img) VALUES (19, 'eh', 'ethtehhetht', 'hteth@gmail.com', 'AQAAAAIAAYagAAAAEBXwEO0k7YFs5iMFll75IuV253dOR6+4w2TL6pCOg4UbqdacGAqTBxTvCUBb2vcjDg==', 'default-avatar.png');
INSERT INTO public.users (id, first_name, last_name, email, password_hash, img) VALUES (20, 'etbetn', 'etnetn', 'aef@gmail.com', 'AQAAAAIAAYagAAAAEIyQ/Q+CXKmWqobqsO/2YyLcZdCTEHBHPrFBX7DSfceB9Ljuxi77CzA77gJTSPrdkg==', 'default-avatar.png');
INSERT INTO public.users (id, first_name, last_name, email, password_hash, img) VALUES (22, 'berb', 'erberb', 'reberb@gmail.com', 'AQAAAAIAAYagAAAAEGxq7kzvq9PaMJQ+KFdLsObADcoYJGDBelmBA5L4PUJ2i1tQiTgpWJPPzb56vZtkwA==', 'default-avatar.png');
INSERT INTO public.users (id, first_name, last_name, email, password_hash, img) VALUES (23, 'awdawd', 'awdawd', 'aw@gmail.com', 'AQAAAAIAAYagAAAAEJSTV/WziimOz715PG/5rUoRj3xhWIXDIRZWA+vM+j19CUhhm2aFsoZSECifirvYlQ==', 'default-avatar.png');
INSERT INTO public.users (id, first_name, last_name, email, password_hash, img) VALUES (26, 'berberb', 'erberb', 'wrg@gmail.com', 'AQAAAAIAAYagAAAAEEGhOwjojPEpqBhuTYutz9Cs5HyZSx8Lo9lnmbMEZEiDZ15zzfHkc9KfAjYjybU/GA==', 'default-avatar.png');
INSERT INTO public.users (id, first_name, last_name, email, password_hash, img) VALUES (27, 'bererb', 'erberb', 'erb@gmail.com', 'AQAAAAIAAYagAAAAEGu9S4J4XDPhNLvGXfmMrz61v8XXWxOvTtZgkaAF1MgHui1cndWcwksHoRA/ewXsRw==', 'default-avatar.png');
INSERT INTO public.users (id, first_name, last_name, email, password_hash, img) VALUES (28, 'sefef', 'fefe', 'fefe@gmail.com', 'AQAAAAIAAYagAAAAEDeWAjKtaiMWETdFzNjG3mQrwRokB3/rQKap1BxapxvPgBcMFjy6ccrr6c7hm1F6ng==', 'default-avatar.png');
INSERT INTO public.users (id, first_name, last_name, email, password_hash, img) VALUES (29, 'tebetb', 'etbetb', 'ebtetb@gmail.com', 'AQAAAAIAAYagAAAAEMSP0H24rAwYT7dg8JWFjKgRQG2sNMnfrVoWqwIOlGn96fFCndbhMAh9kb2fpqu8Cw==', 'default-avatar.png');
INSERT INTO public.users (id, first_name, last_name, email, password_hash, img) VALUES (30, 'grgg', 'rgrggr', 'rgrg@gmail.com', 'AQAAAAIAAYagAAAAEGST9A6BkAcBnB1+rw1jd9auzw75A/DyvqJPX7ETTHsSkRSuzi/ecEwQ9Hf0LVu3xQ==', 'default-avatar.png');
INSERT INTO public.users (id, first_name, last_name, email, password_hash, img) VALUES (31, 'ergreg', 'ergerg', 'ergerg@gmail.com', 'AQAAAAIAAYagAAAAEF19C0OIuAD2qnP+WYuph8q1aCKGAnj1qF7zU63bBTRjlvs5YNgLM3UI/JV2a+Hm1A==', 'default-avatar.png');
INSERT INTO public.users (id, first_name, last_name, email, password_hash, img) VALUES (32, 'vwev', 'wevwev', 'wev@gmail.com', 'AQAAAAIAAYagAAAAEGA2i6WXNxrbH6PqukmCWlaKs86UfHsfl3ub+HuazQj/S0oFB/AEh8d8CBx0OniM4w==', 'default-avatar.png');
INSERT INTO public.users (id, first_name, last_name, email, password_hash, img) VALUES (33, 'rgwgr', 'grgwr', 'gwr@gmail.com', 'AQAAAAIAAYagAAAAEHLA+kjINbvznMgrl/oqGVTaV9V+rr5C5YQHkV+Y1rcjgVGgGuZst5lWNbE7IDKEpA==', 'default-avatar.png');
INSERT INTO public.users (id, first_name, last_name, email, password_hash, img) VALUES (34, 'awdgrgr', 'rgrgrg', 'gr@gmail.com', 'AQAAAAIAAYagAAAAEDk4Z4b9lMI/DdSGs8W5AndDHz8u2/RJVMB6iHQQ2qCf02OI2efSlgM2xyHSaIZEdg==', 'default-avatar.png');
INSERT INTO public.users (id, first_name, last_name, email, password_hash, img) VALUES (35, 'awdgrgr', 'rgrgrg', 'grrge@gmail.com', 'AQAAAAIAAYagAAAAEJWjAftBK5JqgP3sA6BN2MHGbLIT5qD7Eam58w0Wwb7HBlGxi36swFzIKh8FsXZ1qw==', 'default-avatar.png');
INSERT INTO public.users (id, first_name, last_name, email, password_hash, img) VALUES (36, 'awdgrgr', 'rgrgrg', 'grrgetjyty@gmail.com', 'AQAAAAIAAYagAAAAEKSS9yO/OWGI4FelRpR50qUITngnVWa2xCo52SfC+5CygXeW1v+8FEn77R4jFepgXg==', 'default-avatar.png');
INSERT INTO public.users (id, first_name, last_name, email, password_hash, img) VALUES (37, 'rnyry', 'rynrny', 'nryryn@gmail.com', 'AQAAAAIAAYagAAAAENHH7aTxpcJuHVlGyhmhuJ+3gUMyoPRPIxtvWsqJ4+LJV3OSpkomvMRZ4v/healOug==', 'default-avatar.png');
INSERT INTO public.users (id, first_name, last_name, email, password_hash, img) VALUES (39, 'awd', 'dgeg', 'wegwegn@gmail.com', 'AQAAAAIAAYagAAAAEMyFAkg9Vx55kr/a1Yg8x6m3MUCL1g4X2HddH1MQz6PPJ2vx0ZELlK7U4YHQjdfVsA==', 'default-avatar.png');
INSERT INTO public.users (id, first_name, last_name, email, password_hash, img) VALUES (40, 'bbbbbbb', 'ccccccc', 'esf@gmail.com', 'AQAAAAIAAYagAAAAEEOcOqrctu/CY9jITTN54OKj8jAJsj8sQt/vwJI6MIfBAtsBXT8IDEGru0EV4QgLAA==', 'default-avatar.png');
INSERT INTO public.users (id, first_name, last_name, email, password_hash, img) VALUES (41, 'awdawd', 'gurmm', 'hhgnghnm@gmail.com', 'AQAAAAIAAYagAAAAEKuu1cPx0FCeQHaXzLw7V/rB1aYkT52v2VMScry1MeXem4hOG4/x9upZKStW0Zvxng==', 'default-avatar.png');
INSERT INTO public.users (id, first_name, last_name, email, password_hash, img) VALUES (43, '43343', '4355', 'getlk@gmail.com', 'AQAAAAIAAYagAAAAEFtc451nMRxRudTBqAFDTvmTsMBfBm41fNs4MWQD3KGDDXmH2fTxHHtLoaGovOSjxw==', 'default-avatar.png');
INSERT INTO public.users (id, first_name, last_name, email, password_hash, img) VALUES (44, 'utmmtu', 'nytntyn', 'ukjhjjk@gmail.com', 'AQAAAAIAAYagAAAAEN/ybbO7mYYBTdd8gsJ3BudcCQ7dySUSKtS1+yIu765W4hE0Tv/YGnx+FjWFFWNFaw==', 'default-avatar.png');
INSERT INTO public.users (id, first_name, last_name, email, password_hash, img) VALUES (45, 'gergre', 'gregee', 'er23gerg@gmail.com', 'AQAAAAIAAYagAAAAEOnro2k6W09Rb1bCpmEovtwSpbwUBOH6e1h6bzbRcUfxpOauNWtu+RYIsrwcyLdAqQ==', 'default-avatar.png');
INSERT INTO public.users (id, first_name, last_name, email, password_hash, img) VALUES (46, 'admin', 'admin', 'admin@gmail.com', 'AQAAAAIAAYagAAAAEMCOEocN3iAhfLPJdvDpF/xxbIAJWgf730LDuBjuHqz3Xa/d6Whf2g200nOgpKDm/w==', 'default-avatar.png');
INSERT INTO public.users (id, first_name, last_name, email, password_hash, img) VALUES (47, 'ewfewf', 'wfeewf', 'wfwewef@gmail.com', 'AQAAAAIAAYagAAAAEDRWFq1CacK+RXx1Rt8/+Uq3IYP53aQDuQuwjfe0NAn3CfFibKAq5thQDXf7hDIFzA==', 'default-avatar.png');
INSERT INTO public.users (id, first_name, last_name, email, password_hash, img) VALUES (50, 'defkal', 'klefl;', 'awk@gmail.com', 'AQAAAAIAAYagAAAAEJABep+LHKdVvlBxn3GTk1fAtS8qb8u0SqCQd/gcHjTteSsmu0T5ha+MZiSlPMoxXQ==', 'default-avatar.png');
INSERT INTO public.users (id, first_name, last_name, email, password_hash, img) VALUES (52, '㪯㪯', '㪯㪯', 'afwhj@gmail.com', 'AQAAAAIAAYagAAAAEKWVMEDjie/x6V/uACdYeM5eqDnHD31y7r8BULgmFqLf9AAY6B5lXqneMQkYSIstGg==', 'default-avatar.png');
INSERT INTO public.users (id, first_name, last_name, email, password_hash, img) VALUES (53, 'jghjergj', 'rkgklm', 'srgjlnkj@gmail.com', 'AQAAAAIAAYagAAAAEB0/vuSyfZF4vl4wgvU9vXzdHwYoDawYd8EPcgo+vzn112jNXXvE3ugpiwB56mrCbw==', 'default-avatar.png');
INSERT INTO public.users (id, first_name, last_name, email, password_hash, img) VALUES (55, 'gsrsrgrsg', 'srgsrgs', 'jnefjn@gmail.com', 'AQAAAAIAAYagAAAAEEB4kBGYoGQxcyA4x3YxFFPBuL0s+NUqJc2sjRYCsYwDO+JfTOiJQk6nUUKgwCTfUg==', 'default-avatar.png');
INSERT INTO public.users (id, first_name, last_name, email, password_hash, img) VALUES (56, 'awd', 'awdawd', 'cvbbcvx@gmail.com', 'AQAAAAIAAYagAAAAECDcWXXUqU/AMbEP6OQe/wzLEuAOT+w7qYsTR94A592y0hKbLN2xMeCeuGCZ97VZgw==', 'default-avatar.png');
INSERT INTO public.users (id, first_name, last_name, email, password_hash, img) VALUES (57, 'dawawd', 'srgsrgsrg', 'gqregqer@gmail.com', 'AQAAAAIAAYagAAAAEAoMNluyZLZWdxMlhNn3hlOhRsMht3i+7u6fGwHrIOUqrmWHNdnQLYXKpjgAAB9U7g==', 'default-avatar.png');
INSERT INTO public.users (id, first_name, last_name, email, password_hash, img) VALUES (59, 'bererbrbe', 'erbberb', 'ebrberbr@gmail.com', 'AQAAAAIAAYagAAAAEAGvHjPZN9GVwTgc+74e8O6ROZIziz5ZZxuBw+7UWkVnDxrAiljamPON4zxax3/qfw==', 'default-avatar.png');
INSERT INTO public.users (id, first_name, last_name, email, password_hash, img) VALUES (60, 'awdawd', 'awdawd', 'sgrsrg@gmail.com', 'AQAAAAIAAYagAAAAEDUdmDIT5fACS/BT2ayIdRP/KjmJPMiKj8XXZQpm25miVzGmfw81eKURn95tWvKgHw==', 'default-avatar.png');
INSERT INTO public.users (id, first_name, last_name, email, password_hash, img) VALUES (61, 'awdawdwad', 'awddwawad', 'qwdhjhj@gmail.com', 'AQAAAAIAAYagAAAAEOEUXCxewgly6NHksUmaXoNNQJhZpJ1BZDVno4MtFEXO1ZpJD3qMEIPjCkqIA9v6rg==', 'default-avatar.png');
INSERT INTO public.users (id, first_name, last_name, email, password_hash, img) VALUES (63, 'фцвфцв', 'аыуаыа', 'awdgy@gmail.com', 'AQAAAAIAAYagAAAAEPFOQj3aRyr6iSj5gcG0p+w9OSWs/p2qs5rDK8Uv7IJ7G3SFrdrckg1/OWhaZC+B9g==', 'default-avatar.png');
INSERT INTO public.users (id, first_name, last_name, email, password_hash, img) VALUES (65, 'Аркаша', 'Мифедронов', 'yalublumet@gmail.comn', 'AQAAAAIAAYagAAAAEK5ws2CHlMP86rMK4YCh5hfO8t5k0k6hd9QRGm94C4Ob7XEDWuEBj4Jab5u6Cp82Ng==', 'default-avatar.png');
INSERT INTO public.users (id, first_name, last_name, email, password_hash, img) VALUES (66, 'Псыжок', 'Нету', 'psyjj@gmail.com', 'AQAAAAIAAYagAAAAEJcpH4+GTKlEnASYGUYfgZM6IAAH/zAkDVrTu44kc5Jbg8L5v3nKb4GeryTu2vG6MQ==', 'default-avatar.png');
INSERT INTO public.users (id, first_name, last_name, email, password_hash, img) VALUES (67, 'Анекдот', 'Сидят2 кота на крыше', 'afnmasg@gmail.com', 'AQAAAAIAAYagAAAAEP8FdvKOIYEY/+ykUFTmQBRL6Kj4Wdv/OgTJgZ0SHQILnt7yc6n+5H7bXOQfBhzloA==', 'default-avatar.png');
INSERT INTO public.users (id, first_name, last_name, email, password_hash, img) VALUES (69, 'CHUL', 'Vi', 'chul@gmail.com', 'AQAAAAIAAYagAAAAENFnS+61bVeiFFFoZyjA3h4N8vwKOIDcayb9UlAOPDbuOa85HYo+bmNzcv8hVrRkuA==', 'default-avatar.png');
INSERT INTO public.users (id, first_name, last_name, email, password_hash, img) VALUES (70, 'ыкарыкр', 'ыкрыкры', 'blias@gmail.com', 'AQAAAAIAAYagAAAAEFTtE2Xe2VR+PMompB+Ey43opUWIxZLV9DHpURI+5Il3k88P2BneOOvC+uaNvrHWYQ==', 'default-avatar.png');
INSERT INTO public.users (id, first_name, last_name, email, password_hash, img) VALUES (71, 'Жора', 'Мирный', 'zhorikmirniy@gmail.com', 'AQAAAAIAAYagAAAAEPdejLCTh9HcKDMBnIJvwaC2UA6Xi6iiuFRQPpMXBhYMtaTO02c1skt9uqnqTf/IWQ==', 'default-avatar.png');
INSERT INTO public.users (id, first_name, last_name, email, password_hash, img) VALUES (72, 'Тити', 'КАка', 'alena@gmail.com', 'AQAAAAIAAYagAAAAEFfVp1yJVoLCLo8B3WB21fTSpj0v/MVHz9hIUDTeUg0XY53hyxNvLr95Xd3JF8qQjw==', 'default-avatar.png');
INSERT INTO public.users (id, first_name, last_name, email, password_hash, img) VALUES (73, 'gfjsg', 'sfgjsfgj', 'afesae@gmail.com', 'AQAAAAIAAYagAAAAEAEHhzLrbUdz+sH3vDca4/XxXMLfUQ1k/ZqJcWiklIVhWiXOArDt1UdDsMYvxI2UOA==', 'default-avatar.png');
INSERT INTO public.users (id, first_name, last_name, email, password_hash, img) VALUES (74, 'Мифодий', 'влц', 'andlkef@gmail.com', 'AQAAAAIAAYagAAAAEDyjgk1bIJlb/eT4NLWocJuLBz1ZvDoQgFh3O4UKkqw57em0DVT2VMZMhCow7ofxww==', 'default-avatar.png');


--
-- Name: chatmessages_id_seq; Type: SEQUENCE SET; Schema: public; Owner: postgres
--

SELECT pg_catalog.setval('public.chatmessages_id_seq', 112, true);


--
-- Name: friendships_id_seq; Type: SEQUENCE SET; Schema: public; Owner: postgres
--

SELECT pg_catalog.setval('public.friendships_id_seq', 1, true);


--
-- Name: refresh_tokens_id_seq; Type: SEQUENCE SET; Schema: public; Owner: postgres
--

SELECT pg_catalog.setval('public.refresh_tokens_id_seq', 27, true);


--
-- Name: server_invites_id_seq; Type: SEQUENCE SET; Schema: public; Owner: postgres
--

SELECT pg_catalog.setval('public.server_invites_id_seq', 1, false);


--
-- Name: shared_server_snapshots_id_seq; Type: SEQUENCE SET; Schema: public; Owner: postgres
--

SELECT pg_catalog.setval('public.shared_server_snapshots_id_seq', 3, true);


--
-- Name: users_id_seq; Type: SEQUENCE SET; Schema: public; Owner: postgres
--

SELECT pg_catalog.setval('public.users_id_seq', 74, true);


--
-- Name: chatmessages chatmessages_pkey; Type: CONSTRAINT; Schema: public; Owner: postgres
--

ALTER TABLE ONLY public.chatmessages
    ADD CONSTRAINT chatmessages_pkey PRIMARY KEY (id);


--
-- Name: friendships friendships_pkey; Type: CONSTRAINT; Schema: public; Owner: postgres
--

ALTER TABLE ONLY public.friendships
    ADD CONSTRAINT friendships_pkey PRIMARY KEY (id);


--
-- Name: refresh_tokens refresh_tokens_pkey; Type: CONSTRAINT; Schema: public; Owner: postgres
--

ALTER TABLE ONLY public.refresh_tokens
    ADD CONSTRAINT refresh_tokens_pkey PRIMARY KEY (id);


--
-- Name: server_invites server_invites_pkey; Type: CONSTRAINT; Schema: public; Owner: postgres
--

ALTER TABLE ONLY public.server_invites
    ADD CONSTRAINT server_invites_pkey PRIMARY KEY (id);


--
-- Name: shared_server_snapshots shared_server_snapshots_pkey; Type: CONSTRAINT; Schema: public; Owner: postgres
--

ALTER TABLE ONLY public.shared_server_snapshots
    ADD CONSTRAINT shared_server_snapshots_pkey PRIMARY KEY (id);


--
-- Name: users users_email_key; Type: CONSTRAINT; Schema: public; Owner: postgres
--

ALTER TABLE ONLY public.users
    ADD CONSTRAINT users_email_key UNIQUE (email);


--
-- Name: users users_pkey; Type: CONSTRAINT; Schema: public; Owner: postgres
--

ALTER TABLE ONLY public.users
    ADD CONSTRAINT users_pkey PRIMARY KEY (id);


--
-- Name: ix_chatmessages_channelid_timestamp; Type: INDEX; Schema: public; Owner: postgres
--

CREATE INDEX ix_chatmessages_channelid_timestamp ON public.chatmessages USING btree (channelid, "timestamp");


--
-- Name: ix_chatmessages_timestamp; Type: INDEX; Schema: public; Owner: postgres
--

CREATE INDEX ix_chatmessages_timestamp ON public.chatmessages USING btree ("timestamp");


--
-- Name: ix_friendships_created_at; Type: INDEX; Schema: public; Owner: postgres
--

CREATE INDEX ix_friendships_created_at ON public.friendships USING btree (created_at);


--
-- Name: ix_friendships_user_low_id_user_high_id; Type: INDEX; Schema: public; Owner: postgres
--

CREATE UNIQUE INDEX ix_friendships_user_low_id_user_high_id ON public.friendships USING btree (user_low_id, user_high_id);


--
-- Name: ix_refresh_tokens_token_hash; Type: INDEX; Schema: public; Owner: postgres
--

CREATE UNIQUE INDEX ix_refresh_tokens_token_hash ON public.refresh_tokens USING btree (token_hash);


--
-- Name: ix_refresh_tokens_user_id_expires_at; Type: INDEX; Schema: public; Owner: postgres
--

CREATE INDEX ix_refresh_tokens_user_id_expires_at ON public.refresh_tokens USING btree (user_id, expires_at);


--
-- Name: ix_server_invites_code; Type: INDEX; Schema: public; Owner: postgres
--

CREATE UNIQUE INDEX ix_server_invites_code ON public.server_invites USING btree (code);


--
-- Name: ix_server_invites_owner_user_id_expires_at; Type: INDEX; Schema: public; Owner: postgres
--

CREATE INDEX ix_server_invites_owner_user_id_expires_at ON public.server_invites USING btree (owner_user_id, expires_at);


--
-- Name: ix_shared_server_snapshots_owner_user_id; Type: INDEX; Schema: public; Owner: postgres
--

CREATE INDEX ix_shared_server_snapshots_owner_user_id ON public.shared_server_snapshots USING btree (owner_user_id);


--
-- Name: ix_shared_server_snapshots_server_id; Type: INDEX; Schema: public; Owner: postgres
--

CREATE UNIQUE INDEX ix_shared_server_snapshots_server_id ON public.shared_server_snapshots USING btree (server_id);


--
-- Name: friendships friendships_user_high_id_fkey; Type: FK CONSTRAINT; Schema: public; Owner: postgres
--

ALTER TABLE ONLY public.friendships
    ADD CONSTRAINT friendships_user_high_id_fkey FOREIGN KEY (user_high_id) REFERENCES public.users(id) ON DELETE CASCADE;


--
-- Name: friendships friendships_user_low_id_fkey; Type: FK CONSTRAINT; Schema: public; Owner: postgres
--

ALTER TABLE ONLY public.friendships
    ADD CONSTRAINT friendships_user_low_id_fkey FOREIGN KEY (user_low_id) REFERENCES public.users(id) ON DELETE CASCADE;


--
-- Name: refresh_tokens refresh_tokens_user_id_fkey; Type: FK CONSTRAINT; Schema: public; Owner: postgres
--

ALTER TABLE ONLY public.refresh_tokens
    ADD CONSTRAINT refresh_tokens_user_id_fkey FOREIGN KEY (user_id) REFERENCES public.users(id) ON DELETE CASCADE;


--
-- PostgreSQL database dump complete
--

